<?xml version="1.0" encoding="UTF-8"?>
<navigationModel
    ns="http://schemas.android.com?import=com.android.tools.idea.editors.navigation.model.*">
    <locations class="java.util.ArrayList">
        <statePointEntry>
            <state class="com.android.tools.idea.editors.navigation.model.ActivityState"
                className="com.demiurgosoft.lightquiz.PlayGame" />
            <point x="564" y="-148" />
        </statePointEntry>
        <statePointEntry>
            <state class="com.android.tools.idea.editors.navigation.model.MenuState"
                className="com.demiurgosoft.lightquiz.PlayGame" />
            <point x="2144" y="-148" />
        </statePointEntry>
        <statePointEntry>
            <state class="com.android.tools.idea.editors.navigation.model.ActivityState"
                className="com.demiurgosoft.lightquiz.MainActivity" />
            <point x="500" y="2120" />
        </statePointEntry>
        <statePointEntry>
            <state class="com.android.tools.idea.editors.navigation.model.MenuState"
                className="com.demiurgosoft.lightquiz.MainActivity" />
            <point x="2080" y="2120" />
        </statePointEntry>
        <statePointEntry>
            <state class="com.android.tools.idea.editors.navigation.model.MenuState"
                className="com.demiurgosoft.lightquiz.GameOver" />
            <point x="2080" y="4140" />
        </statePointEntry>
        <statePointEntry>
            <state class="com.android.tools.idea.editors.navigation.model.ActivityState"
                className="com.demiurgosoft.lightquiz.GameOver" />
            <point x="500" y="4140" />
        </statePointEntry>
    </locations>
</navigationModel>
